date,0,1,2,3,4,5,6,7,8,9,10,11,12,13,14,15,16,17,18,19,20,21,22,23
2023-01-01,76.0,68.5,65.0,67.5,72.0,72.5,72.5,74.5,77.5,78.0,85.0,89.5,91.5,93.5,108.5,137.0,152.5,161.0,159.0,162.0,163.0,159.0,151.5,152.5
2023-01-02,140.5,128.0,124.5,120.0,124.0,121.0,133.5,151.5,158.5,163.5,152.0,153.5,150.0,160.0,166.5,187.5,194.0,203.5,203.0,204.5,196.0,178.0,144.0,112.0
2023-01-03,101.5,98.0,94.5,86.0,75.5,79.5,82.0,101.0,111.0,115.0,117.5,118.0,118.5,119.0,125.5,133.0,131.5,131.0,124.5,98.5,76.5,68.5,69.0,63.5
2023-01-04,67.5,70.0,63.0,55.0,52.5,58.5,60.0,64.5,65.5,64.0,60.5,54.0,56.5,55.5,60.5,71.0,85.0,91.0,89.0,82.0,72.5,57.0,53.0,64.0
2023-01-05,67.0,69.0,70.5,73.0,82.5,93.0,119.5,145.5,157.0,161.5,162.5,147.0,137.5,126.0,123.5,114.5,122.0,122.0,115.0,91.0,63.0,51.0,54.5,57.5
2023-01-06,64.0,58.0,62.5,63.5,56.0,64.5,75.0,83.5,91.0,90.0,91.5,89.0,92.0,96.5,109.0,126.0,135.0,134.0,122.5,97.0,73.0,64.0,50.5,53.0
2023-01-07,58.5,55.0,52.5,52.5,60.5,63.5,64.5,60.5,70.5,79.0,76.0,72.5,70.5,68.0,66.0,65.0,64.0,70.5,65.5,54.5,58.5,63.0,71.0,65.5
2023-01-08,61.5,62.5,71.0,68.5,63.0,61.5,75.5,58.0,58.0,58.5,54.5,57.0,65.0,62.5,66.0,72.0,93.5,101.5,93.5,87.5,78.0,75.5,66.0,61.5
2023-01-09,67.0,71.0,70.0,61.5,59.0,70.5,82.0,99.0,101.0,92.5,86.0,86.0,79.5,84.5,88.0,103.0,109.5,108.5,107.5,108.0,90.5,76.0,56.0,55.5
2023-01-10,64.5,63.5,72.0,74.0,71.5,70.0,89.0,109.0,98.5,94.0,93.0,97.0,99.0,93.5,87.5,83.5,86.0,85.0,77.5,72.0,62.5,65.0,61.5,78.0
2023-01-11,78.5,64.0,69.5,61.0,73.5,78.0,78.0,72.0,69.5,67.0,58.0,54.5,63.0,70.0,70.5,71.0,87.0,92.5,91.5,85.5,74.5,63.5,63.5,59.5
2023-01-12,62.5,63.5,59.0,65.5,62.0,72.5,78.5,93.5,109.0,108.0,100.5,92.5,82.5,76.0,69.5,69.5,77.5,84.0,83.0,74.0,67.5,66.0,67.5,59.5
2023-01-13,66.5,66.0,57.0,59.5,56.0,63.5,74.5,74.0,74.5,76.0,73.0,73.0,76.5,72.5,77.5,89.5,113.5,128.0,130.0,125.0,124.5,116.0,89.0,85.0
2023-01-14,75.0,69.0,70.0,75.0,66.5,73.0,67.5,66.5,68.5,63.5,60.5,61.0,60.0,55.0,51.0,48.5,60.0,74.0,71.5,59.5,59.0,52.0,54.5,51.0
2023-01-15,56.5,55.0,64.0,72.0,64.5,64.5,67.0,66.0,73.5,64.5,73.0,81.0,97.0,107.0,124.0,153.0,180.0,191.0,197.0,208.0,202.0,199.5,192.0,178.0
2023-01-16,183.5,179.5,165.5,146.5,136.5,136.0,155.5,184.0,192.5,190.5,183.0,185.0,183.5,175.0,168.5,186.0,194.0,193.5,197.5,190.5,202.5,204.0,191.5,183.0
2023-01-17,199.0,201.0,190.5,184.5,197.0,222.5,247.0,244.0,237.5,230.5,228.0,210.5,206.0,207.5,222.0,223.5,221.5,216.5,218.0,209.0,206.5,184.0,155.0,116.5
2023-01-18,107.0,104.5,94.0,97.5,102.5,119.0,155.0,185.5,195.0,192.0,187.0,179.0,175.5,178.5,200.0,200.0,204.0,202.5,200.5,202.0,199.0,187.5,166.0,164.0
2023-01-19,165.0,163.5,169.0,174.0,183.5,191.5,223.0,238.0,243.0,236.0,226.5,217.5,215.0,215.0,223.5,225.5,227.0,227.5,222.5,220.0,217.0,199.5,183.5,164.5
2023-01-20,164.0,164.0,149.5,145.0,161.5,183.5,216.0,234.0,235.5,230.5,222.0,216.0,218.5,225.5,226.5,233.0,238.5,234.5,236.5,231.0,237.0,228.0,221.0,188.5
2023-01-21,183.0,180.0,178.0,179.5,183.5,186.0,192.0,215.0,213.5,199.5,190.5,181.5,179.0,183.5,186.5,200.5,209.5,208.0,211.0,211.5,200.5,193.0,190.0,157.5
2023-01-22,141.5,140.5,140.0,137.0,139.0,140.0,158.0,178.5,197.5,189.5,185.0,185.0,188.5,196.0,213.0,218.5,224.5,226.0,228.5,236.5,238.5,237.0,234.0,219.0
2023-01-23,227.5,224.0,224.0,218.0,224.5,222.0,250.5,263.0,262.5,250.5,245.0,238.5,236.0,241.5,248.5,248.0,252.5,251.0,252.5,255.5,255.0,255.5,249.0,235.5
2023-01-24,235.5,238.5,231.5,230.5,230.5,251.5,267.5,272.5,266.5,258.0,241.5,148.0,238.5,239.0,248.5,250.5,254.5,254.5,255.5,258.0,263.5,253.0,240.5,219.5
2023-01-25,218.5,216.0,210.5,206.0,211.0,214.0,229.0,235.0,229.0,230.0,223.5,220.0,226.5,229.5,227.0,235.0,228.5,220.0,210.5,207.0,199.0,186.5,173.0,152.5
2023-01-26,154.5,153.0,148.5,147.5,149.5,171.5,204.0,219.0,219.0,221.0,226.5,224.0,225.5,226.0,,,228.5,230.0,236.0,238.5,240.0,236.5,225.5,191.0
2023-01-27,193.5,185.5,173.5,180.5,187.0,214.5,256.5,267.5,261.5,256.5,251.0,247.5,245.5,247.5,250.5,246.0,244.0,243.0,250.0,255.5,261.5,265.5,266.0,244.5
2023-01-28,242.5,242.5,241.0,240.5,240.0,243.0,253.0,269.5,271.5,262.0,254.5,255.5,255.0,255.0,264.5,269.0,262.5,250.5,252.0,259.0,262.0,249.0,216.5,170.0
2023-01-29,138.5,131.0,113.0,97.5,94.0,96.0,102.5,111.0,111.0,112.5,104.0,94.0,82.5,87.0,94.5,102.0,117.0,117.0,122.5,115.0,108.0,91.0,85.5,74.5
2023-01-30,80.5,77.5,72.5,72.0,76.5,80.0,119.0,152.5,163.0,162.0,149.0,140.5,147.5,162.0,181.0,195.5,197.5,204.0,199.5,201.0,197.5,174.5,152.0,106.5
2023-01-31,103.0,45.5,85.0,76.5,76.5,84.5,113.5,141.5,141.0,135.0,126.5,113.5,105.5,99.5,97.5,127.0,151.0,155.0,154.5,156.0,133.5,104.0,88.0,71.0
2023-02-01,74.0,73.0,61.5,58.0,58.5,66.0,84.0,106.0,106.0,101.5,94.5,82.0,91.0,86.5,90.0,98.5,115.0,116.0,113.5,113.0,101.5,76.5,67.0,65.5
2023-02-02,64.0,65.5,66.0,66.5,64.5,64.5,89.5,116.5,113.0,108.0,111.0,112.0,112.5,117.0,122.0,125.5,130.0,123.0,124.5,120.0,96.5,81.0,69.0,63.5
2023-02-03,68.5,62.5,62.0,61.5,59.0,59.5,84.0,116.0,120.5,113.5,116.5,119.5,116.0,118.0,128.0,143.5,156.5,163.0,164.5,177.5,172.0,157.0,133.0,119.0
2023-02-04,120.0,116.5,112.0,104.5,99.5,97.0,119.0,138.0,158.0,162.5,160.0,150.5,144.5,141.0,137.5,144.5,147.5,144.5,141.5,142.0,125.0,101.0,85.0,71.5
2023-02-05,68.5,74.0,74.5,67.0,67.5,79.0,92.5,89.0,92.0,102.0,110.0,112.0,111.5,127.0,139.5,164.5,196.0,205.5,207.5,215.0,214.5,197.5,181.0,169.5
2023-02-06,174.5,180.5,180.0,184.5,184.0,199.0,226.5,232.0,231.5,217.0,202.0,193.5,195.0,196.0,207.5,228.0,226.0,229.5,235.0,238.0,246.0,236.0,224.0,222.0
2023-02-07,229.0,230.5,229.5,232.0,243.5,260.5,278.0,273.5,259.5,253.5,250.0,258.0,239.0,243.0,249.0,251.5,251.0,252.0,248.5,248.0,249.5,254.0,246.0,225.5
2023-02-08,214.5,210.5,206.0,199.5,198.5,201.5,210.0,228.5,221.5,204.5,183.5,161.5,153.0,148.5,157.5,174.5,186.5,186.0,182.5,181.5,173.5,150.0,145.0,125.0
2023-02-09,126.5,137.0,139.0,137.0,141.5,162.5,205.0,211.5,206.0,200.5,189.5,172.5,167.5,176.5,187.0,195.5,211.0,220.5,216.5,220.0,214.5,206.5,192.0,158.5
2023-02-10,150.5,158.0,155.5,157.5,168.0,160.0,184.0,200.0,181.0,171.5,164.0,139.0,131.0,130.0,133.0,147.5,157.5,157.5,157.0,160.5,146.0,137.0,121.5,81.5
2023-02-11,75.0,75.5,77.0,74.5,82.0,87.5,116.5,159.0,183.5,186.5,189.0,187.5,186.5,195.5,210.5,225.0,240.0,245.0,242.0,240.5,243.0,249.5,224.0,189.0
2023-02-12,187.5,180.5,180.5,181.0,178.0,184.0,189.0,205.0,220.0,217.5,222.0,218.5,216.5,220.5,224.0,232.0,247.5,243.5,244.0,254.5,256.0,241.0,226.5,218.0
2023-02-13,214.0,214.0,217.5,222.0,228.5,245.5,260.5,255.0,255.5,246.5,247.5,227.5,218.5,220.0,229.5,256.0,263.5,267.0,262.0,266.5,275.0,261.5,247.5,223.0
2023-02-14,218.0,220.0,220.5,233.0,234.5,243.0,254.0,264.0,252.5,246.0,235.0,220.0,205.0,211.0,219.0,238.5,245.0,239.0,235.5,236.0,221.0,214.5,188.0,144.0
2023-02-15,138.5,135.0,136.0,140.0,142.5,158.0,171.5,183.0,179.0,174.0,169.5,162.0,158.5,156.5,151.5,161.5,172.0,175.5,178.0,172.5,174.5,167.0,167.0,133.5
2023-02-16,140.5,145.0,146.0,150.0,162.5,203.0,218.5,234.0,209.5,201.0,195.0,186.5,176.5,171.0,167.5,166.5,174.5,157.5,149.0,122.5,93.5,77.5,78.5,84.5
2023-02-17,95.0,84.5,82.5,78.0,75.5,74.5,86.0,93.0,88.5,80.5,67.0,66.0,61.0,65.0,75.5,97.0,129.0,142.5,157.0,171.5,177.5,158.0,136.5,101.0
2023-02-18,93.0,92.0,90.5,81.0,83.0,84.0,82.5,84.0,74.5,70.5,72.5,75.0,80.5,84.5,89.0,114.5,128.0,130.5,133.0,122.5,109.0,100.5,93.0,93.5
2023-02-19,97.5,98.0,100.5,103.0,104.5,111.5,121.0,119.5,120.0,121.5,106.0,90.5,83.0,85.5,94.0,110.5,120.5,120.0,112.5,110.0,106.5,99.0,90.0,97.0
2023-02-20,100.5,98.5,89.0,87.0,87.5,91.0,113.5,127.5,121.0,106.5,97.0,83.5,84.5,90.0,100.5,118.5,129.5,136.0,137.0,137.0,150.0,155.5,146.0,145.0
2023-02-21,167.5,167.5,158.5,163.5,176.0,203.5,235.5,234.0,224.0,209.5,204.5,202.0,192.5,195.5,198.5,213.5,214.0,207.0,210.5,211.5,215.0,221.5,217.0,193.5
2023-02-22,199.5,195.0,204.5,216.5,215.0,218.0,231.5,232.5,225.0,219.0,213.0,218.5,220.5,212.0,221.0,235.5,246.0,253.5,246.5,237.0,240.0,219.5,208.0,161.0
2023-02-23,136.0,134.5,135.5,133.5,144.0,167.0,201.5,223.0,207.0,194.0,193.0,202.5,190.5,188.5,191.0,196.5,196.5,199.0,199.5,201.5,203.0,178.0,148.5,107.5
2023-02-24,94.0,98.0,95.5,85.0,89.5,105.5,145.0,160.5,159.5,154.5,150.0,135.0,134.5,133.0,124.0,136.0,149.0,156.5,152.0,154.5,153.0,146.0,139.5,99.5
2023-02-25,100.0,101.0,94.5,89.0,91.5,94.0,101.0,117.5,114.5,115.5,113.0,104.0,102.5,106.5,108.5,124.5,139.5,153.5,158.0,157.5,162.5,159.5,149.5,127.5
2023-02-26,117.0,119.0,121.0,123.0,124.0,132.0,135.5,146.0,148.5,148.5,144.0,152.5,166.5,174.0,185.0,206.0,223.0,229.0,223.5,225.5,228.0,220.0,204.5,191.5
2023-02-27,194.5,196.0,209.5,210.0,221.0,239.5,254.0,255.0,246.0,238.0,237.0,237.0,241.5,240.0,247.5,249.5,251.0,248.5,246.0,251.5,263.5,270.5,270.0,269.0
2023-02-28,271.0,268.5,262.5,262.0,255.5,258.0,262.0,262.0,253.5,253.0,246.5,241.5,237.5,235.5,242.5,251.0,247.5,239.0,243.5,249.5,257.0,251.5,237.5,223.5
2023-03-01,219.0,223.0,222.0,218.5,220.0,216.5,227.0,235.0,229.5,225.0,224.5,226.0,225.5,223.0,226.5,236.0,241.5,238.5,236.0,245.5,246.0,244.0,240.0,230.0
2023-03-02,234.5,237.5,237.5,233.5,239.5,241.5,252.0,255.5,253.0,253.5,244.5,235.0,231.0,233.5,235.0,241.0,259.0,256.5,256.0,256.0,268.0,267.5,260.5,255.5
2023-03-03,254.0,254.5,256.0,255.5,255.5,257.0,258.0,259.0,256.0,246.0,243.0,242.5,242.0,240.0,239.5,249.0,251.0,245.5,241.0,245.0,259.0,257.0,247.0,230.5
2023-03-04,228.5,230.5,227.5,225.0,224.5,229.5,230.0,238.5,237.5,227.0,221.5,224.0,225.5,226.5,231.0,247.5,252.5,256.0,251.5,252.0,263.0,264.0,263.5,236.0
2023-03-05,231.5,228.0,217.5,219.5,228.5,228.0,229.0,250.5,243.0,237.0,232.5,232.0,230.5,232.5,236.0,247.0,263.5,266.5,267.0,272.5,268.0,274.0,266.0,252.0
2023-03-06,255.0,255.0,246.0,239.5,237.5,242.0,241.0,231.0,226.0,213.5,197.5,192.0,192.0,194.0,200.0,213.0,226.0,225.5,225.5,229.5,234.0,224.0,216.5,203.5
2023-03-07,205.5,207.0,211.5,221.5,228.0,243.0,271.5,278.5,276.0,258.5,251.5,248.5,246.0,245.0,249.0,257.0,266.5,281.5,292.5,282.0,298.0,299.0,292.5,260.5
2023-03-08,255.5,249.5,236.5,224.0,231.5,251.0,260.0,258.5,252.0,245.5,232.0,221.5,223.0,225.5,233.5,238.5,245.0,242.0,240.5,234.5,233.5,217.5,212.0,179.0
2023-03-09,181.0,181.0,183.0,175.0,175.5,212.0,255.0,249.0,235.5,228.5,220.5,204.0,196.0,194.5,196.5,192.5,203.5,204.5,198.5,184.0,139.5,112.5,100.0,78.0
2023-03-10,79.0,78.0,78.5,80.0,85.5,95.5,142.5,174.5,172.5,169.0,166.0,165.5,161.5,160.5,164.0,166.0,193.5,197.0,209.0,219.0,219.0,226.5,221.0,201.5
2023-03-11,198.5,199.0,204.5,206.5,206.0,207.0,216.0,209.5,215.0,209.5,201.0,190.5,188.0,199.0,206.0,204.5,207.5,202.5,193.5,178.0,144.0,111.0,87.5,68.0
2023-03-12,61.0,57.0,61.0,68.0,69.0,66.0,66.5,62.5,57.5,51.5,50.5,49.5,49.5,57.5,70.5,76.5,90.0,95.0,106.5,101.0,93.0,80.5,75.0,71.5
2023-03-13,70.0,67.5,67.0,64.0,57.5,66.0,75.0,56.0,58.0,49.5,46.5,49.5,54.5,55.5,53.0,53.0,67.5,75.5,81.5,74.0,69.5,61.5,68.0,77.5
2023-03-14,83.5,76.0,72.0,77.5,83.0,84.5,96.5,113.0,116.0,107.0,104.0,104.5,96.5,94.0,113.0,131.5,148.0,179.0,202.5,207.0,214.0,213.0,205.5,186.5
2023-03-15,185.5,183.5,184.0,183.0,201.0,237.5,249.0,240.5,244.5,234.0,223.5,207.5,202.5,204.5,202.0,204.5,202.5,203.0,200.0,194.0,177.5,130.0,85.0,63.5
2023-03-16,61.0,60.0,61.0,58.5,63.5,71.5,97.0,113.5,112.0,105.5,98.0,94.0,94.5,99.0,107.5,115.0,133.5,140.0,147.0,145.0,138.5,114.0,92.0,80.5
2023-03-17,83.0,83.0,95.5,94.5,100.0,131.5,174.5,193.0,190.5,184.5,181.0,177.0,182.0,182.0,181.5,194.0,214.5,220.0,217.0,220.5,213.5,193.5,172.0,147.0
2023-03-18,154.0,156.0,158.5,160.5,161.5,161.5,160.5,177.0,188.5,180.0,167.5,155.5,148.5,141.5,134.0,145.0,168.0,176.0,185.5,189.5,177.0,150.0,127.0,97.5
2023-03-19,90.0,80.5,82.5,84.5,93.0,91.0,99.0,125.5,138.5,152.5,171.5,179.0,179.5,186.5,192.5,203.5,223.0,225.0,217.0,210.5,213.0,212.0,211.0,172.5
2023-03-20,171.5,168.5,159.5,153.5,154.0,169.0,188.0,204.0,189.5,185.5,185.0,190.0,189.0,205.5,196.0,197.5,203.0,210.0,210.5,205.5,197.5,179.5,141.0,94.5
2023-03-21,85.0,88.5,79.5,88.0,83.0,93.0,119.0,127.0,117.0,103.5,99.0,90.5,85.5,83.0,87.5,88.5,111.5,118.5,126.5,125.5,115.0,90.5,76.5,68.0
2023-03-22,73.5,73.5,63.5,59.0,65.5,66.5,82.5,74.0,60.0,48.5,41.5,42.5,52.5,60.5,64.5,63.0,83.0,98.0,97.5,90.0,78.0,58.0,58.0,54.0
2023-03-23,53.5,52.0,50.0,52.0,57.5,56.0,57.5,60.0,68.0,64.0,63.0,62.5,65.0,70.5,75.5,85.0,97.0,109.5,118.0,112.0,105.5,93.5,72.0,70.5
2023-03-24,77.0,73.5,65.0,65.5,64.5,68.5,67.0,63.5,57.5,49.5,44.5,43.5,46.0,48.0,47.5,51.0,66.5,81.0,79.5,74.0,70.5,68.0,57.5,53.5
2023-03-25,57.0,56.5,59.0,57.5,58.0,58.0,56.0,56.0,53.0,48.5,51.5,50.5,55.5,55.5,66.5,97.5,135.5,171.5,187.5,187.5,187.0,190.0,174.0,162.0
2023-03-26,142.0,136.0,120.5,123.0,117.0,116.5,102.5,97.0,103.0,109.5,113.0,114.5,113.0,119.5,131.0,138.0,143.0,148.5,160.0,155.5,154.5,143.0,149.5,135.0
2023-03-27,129.5,127.5,125.5,130.0,163.5,208.0,215.5,208.0,198.5,197.5,184.5,182.5,179.5,184.0,188.5,203.5,217.5,240.0,243.0,225.5,229.0,229.5,169.5,149.0
2023-03-28,151.5,148.0,139.5,133.5,130.5,153.0,160.0,156.0,143.0,141.5,134.5,132.0,132.5,133.0,142.5,148.5,150.0,164.5,161.5,166.0,159.0,138.0,110.0,111.0
2023-03-29,111.5,117.0,125.5,128.5,153.5,179.0,186.0,175.5,163.0,165.5,156.0,140.5,127.5,117.5,112.5,108.0,114.0,123.0,120.0,104.5,94.5,80.5,64.0,69.0
2023-03-30,73.5,77.5,72.5,72.5,73.5,97.5,127.0,131.0,124.5,117.5,104.5,95.0,79.5,86.0,97.5,111.0,131.5,152.0,169.5,165.5,139.0,92.5,77.5,79.5
2023-03-31,79.0,75.5,75.5,71.5,82.5,120.5,147.5,149.0,155.5,157.5,155.0,154.0,142.0,141.5,138.0,140.5,147.0,142.5,137.0,126.5,106.5,81.5,76.0,78.0
2023-04-01,80.0,74.0,74.0,77.0,77.0,83.0,107.5,124.5,126.5,127.5,125.5,124.5,120.0,119.0,127.0,140.0,147.0,149.5,150.5,152.5,145.5,127.0,107.5,101.5
2023-04-02,110.5,105.5,106.0,112.0,120.0,135.5,155.0,164.0,165.0,166.5,166.0,158.5,153.5,150.0,155.0,171.5,183.0,189.0,194.5,197.5,195.5,169.0,155.5,157.5
2023-04-03,157.0,156.5,165.0,174.5,193.0,199.5,195.0,177.5,162.0,151.5,136.5,119.0,114.5,121.5,134.0,152.0,168.5,183.5,190.0,182.5,186.5,172.0,163.0,170.5
2023-04-04,180.0,183.5,193.0,210.5,229.0,236.0,228.5,220.5,198.0,161.0,132.0,116.5,113.5,122.0,131.5,164.0,195.0,215.5,227.5,222.5,214.5,208.0,202.0,196.5
2023-04-05,201.0,203.5,208.0,211.0,224.0,230.0,225.0,212.0,201.0,187.0,176.5,171.5,169.5,182.5,195.0,217.0,227.5,231.0,238.5,247.5,248.0,231.0,220.5,213.5
2023-04-06,196.5,179.5,183.5,185.5,189.0,195.0,194.5,191.0,176.5,150.5,133.0,125.5,107.5,109.0,124.0,153.5,177.0,187.5,192.0,185.0,179.5,170.0,163.5,169.0
2023-04-07,174.0,174.0,181.5,187.0,203.5,207.5,201.0,189.0,168.5,151.0,143.5,142.0,139.0,144.5,158.0,185.0,206.0,220.0,231.0,231.5,241.0,237.5,229.0,229.5
2023-04-08,231.5,224.5,222.5,216.0,212.0,215.0,210.0,195.0,169.5,146.5,138.0,132.0,132.0,140.5,153.0,174.5,184.0,181.5,185.5,190.5,204.5,185.0,166.0,158.0
2023-04-09,153.0,153.5,155.5,156.5,155.5,140.0,126.5,106.5,85.0,75.5,72.5,67.5,69.5,69.0,80.0,116.0,137.0,142.0,145.0,139.0,125.0,111.5,99.5,79.0
2023-04-10,75.5,71.0,72.0,70.5,73.0,68.5,71.0,65.5,59.5,63.5,57.0,43.5,41.0,34.5,32.0,39.0,47.5,65.0,73.5,66.0,66.0,62.5,62.0,72.0
2023-04-11,75.5,70.0,67.0,67.0,88.5,121.0,123.5,103.5,84.0,80.0,78.0,87.0,99.0,101.0,107.5,120.0,124.0,131.5,133.5,132.0,123.0,107.0,95.5,84.0
2023-04-12,80.0,85.5,92.5,99.5,117.5,128.0,122.5,116.0,104.0,90.5,86.0,76.5,68.0,66.5,73.0,97.5,111.5,118.5,124.5,121.5,113.0,87.5,67.5,67.5
2023-04-13,75.0,65.5,64.5,68.0,96.5,119.5,113.0,109.0,97.5,84.0,76.0,71.5,75.5,78.0,93.5,128.5,154.0,165.5,173.0,190.0,199.0,196.0,206.5,213.0
2023-04-14,225.0,229.5,237.0,248.5,259.0,256.5,251.5,245.5,236.5,224.5,210.5,205.5,204.0,214.0,219.0,223.5,231.0,238.0,237.5,248.5,248.0,230.5,217.0,217.5
2023-04-15,211.0,206.0,211.5,215.5,207.0,200.5,198.0,191.5,182.0,169.5,158.0,147.0,139.0,136.0,144.5,160.5,177.0,192.5,194.5,192.5,193.0,175.5,170.0,180.0
2023-04-16,183.5,179.0,176.0,172.0,169.5,173.0,173.5,169.5,164.5,158.0,159.0,163.0,161.5,172.5,186.5,204.5,213.5,223.5,230.0,234.0,242.5,248.0,254.0,258.5
2023-04-17,263.5,261.5,259.0,257.0,259.0,255.0,247.5,240.5,234.0,221.5,213.0,208.5,213.5,215.0,214.0,214.0,212.5,218.0,223.0,224.0,223.0,202.0,180.5,185.0
2023-04-18,190.0,180.0,176.0,186.5,191.0,189.0,184.5,175.5,152.5,125.0,105.0,89.0,82.5,84.0,94.5,115.0,133.0,141.5,145.0,140.5,128.0,100.0,79.0,82.0
2023-04-19,95.0,89.0,83.5,95.0,126.5,144.0,141.0,129.5,109.0,88.5,68.5,59.5,55.5,54.0,59.0,78.5,111.0,138.0,146.0,143.0,141.5,115.5,99.0,102.5
2023-04-20,105.0,100.0,108.0,125.5,155.5,167.0,160.0,147.0,124.5,86.5,72.0,64.5,59.5,63.0,78.0,106.5,132.5,150.5,159.5,158.0,155.5,141.5,134.5,138.0
2023-04-21,151.5,154.0,150.0,151.5,170.5,180.0,167.0,158.5,143.5,132.5,136.0,136.5,133.5,127.0,133.5,161.5,187.0,192.5,189.0,198.0,199.0,187.0,163.5,164.0
2023-04-22,165.0,161.0,163.0,164.0,154.5,161.5,162.5,158.0,148.0,137.5,127.5,126.0,131.0,140.0,152.5,167.5,176.5,185.0,191.5,197.0,194.0,163.0,123.0,110.0
2023-04-23,109.0,108.5,106.5,103.0,103.5,109.0,114.5,122.5,129.0,129.5,136.0,135.0,134.5,138.5,139.0,148.5,155.0,156.5,161.5,156.5,138.0,102.0,83.5,76.0
2023-04-24,78.5,81.0,85.0,102.5,128.0,149.0,158.5,148.0,143.5,137.5,138.5,139.0,138.5,140.0,150.0,168.0,182.0,187.0,192.0,195.5,192.5,177.5,157.0,155.5
2023-04-25,161.5,157.0,169.5,185.5,205.5,210.0,199.5,187.0,178.5,174.5,164.0,152.0,147.5,162.0,182.5,202.0,219.5,232.5,241.0,253.0,258.5,257.0,262.5,267.5
2023-04-26,266.0,263.0,265.0,275.5,284.5,273.5,264.5,258.0,241.5,222.5,214.0,215.5,217.0,214.5,219.0,224.0,226.5,234.5,238.5,247.0,255.5,246.5,243.0,248.0
2023-04-27,253.0,249.5,245.0,243.0,241.5,224.5,214.0,203.5,190.5,176.0,161.5,145.5,127.5,135.0,154.5,170.5,179.5,182.0,188.5,185.0,173.0,148.5,133.5,130.5
2023-04-28,134.0,139.0,144.5,155.0,187.5,208.5,209.5,206.5,200.0,194.0,193.0,186.5,186.5,187.5,191.0,194.0,200.0,209.0,215.5,219.5,222.5,222.0,222.0,224.0
2023-04-29,232.5,235.0,241.0,242.5,238.5,231.0,219.0,205.0,195.5,191.5,183.0,174.0,169.5,169.5,182.0,199.5,211.0,209.0,218.5,224.5,226.0,201.0,175.0,163.5
2023-04-30,153.0,147.0,142.5,143.0,146.5,144.5,141.5,136.5,132.0,129.0,127.5,125.5,126.5,131.5,137.0,147.0,157.5,168.0,170.0,179.0,189.0,160.0,118.5,115.0
2023-05-01,123.0,125.5,118.0,120.0,117.5,130.5,137.5,138.0,132.5,128.0,125.0,118.5,124.5,127.0,138.0,158.5,173.5,174.0,178.0,181.0,190.5,201.5,211.0,214.5
2023-05-02,206.5,207.0,215.0,229.5,242.5,237.5,225.0,219.5,214.5,209.0,202.5,200.5,200.0,202.0,206.0,214.0,219.5,223.5,228.5,238.0,247.5,236.5,218.5,219.0
2023-05-03,221.5,225.0,227.0,235.0,230.0,210.5,193.0,180.0,169.5,145.0,128.0,118.0,109.0,105.5,114.5,127.5,138.5,148.0,155.5,160.5,145.0,93.5,69.5,70.5
2023-05-04,71.0,72.5,84.5,102.0,103.0,104.0,94.5,79.0,61.0,52.5,52.5,55.0,60.5,67.5,70.0,95.5,129.5,147.5,155.5,167.0,153.5,119.0,109.0,107.0
2023-05-05,100.0,100.5,104.5,124.5,151.5,167.0,165.5,160.5,155.5,148.0,140.0,141.5,139.0,145.5,156.0,178.0,189.5,194.0,206.5,211.5,214.5,209.0,208.0,214.5
2023-05-06,223.5,226.5,236.5,240.5,233.5,214.5,200.5,195.5,192.5,188.5,181.5,177.5,166.5,161.0,161.5,170.0,180.5,185.5,193.5,199.5,194.0,165.0,130.0,133.5
2023-05-07,139.5,144.0,146.0,146.0,145.0,155.5,165.5,167.0,164.0,155.5,144.0,131.5,119.5,111.0,110.0,123.0,141.5,154.0,161.5,163.5,159.0,133.5,114.0,112.5
2023-05-08,109.5,105.5,107.0,120.0,135.5,152.5,146.5,130.5,122.5,119.0,118.5,125.5,125.0,128.0,132.5,149.5,162.0,163.0,161.0,153.5,149.0,139.0,137.5,129.5
2023-05-09,138.0,134.5,151.0,161.5,195.5,217.0,216.5,212.5,206.5,200.0,197.0,193.5,188.0,196.0,200.5,206.5,216.5,219.0,221.0,220.0,231.5,211.5,184.0,189.0
2023-05-10,180.0,177.5,184.5,199.5,216.0,222.5,207.0,194.5,187.5,182.5,175.5,168.0,162.0,153.5,161.5,180.5,193.0,204.0,217.5,219.5,236.5,246.0,250.0,247.5
2023-05-11,237.0,234.0,241.0,257.5,261.0,256.0,243.5,233.0,224.5,221.5,213.0,204.0,196.0,199.0,208.0,217.0,225.5,227.0,233.5,243.0,239.5,228.0,207.5,208.5
2023-05-12,206.5,195.5,188.5,182.5,178.0,179.0,173.5,157.0,145.5,132.0,121.0,117.5,110.5,111.5,125.5,139.0,150.0,152.0,157.5,167.0,171.0,141.5,118.5,116.0
2023-05-13,112.0,112.5,125.0,123.0,131.5,144.5,144.5,145.0,142.5,142.5,136.0,125.5,111.0,104.5,110.5,128.0,150.5,165.5,176.0,189.0,197.0,193.0,185.5,182.5
2023-05-14,182.5,166.0,159.0,158.5,166.0,171.0,172.5,164.5,156.0,136.5,121.0,108.5,107.0,106.5,121.5,141.5,156.0,168.5,170.0,177.0,189.5,186.0,162.5,154.5
2023-05-15,147.0,144.5,142.5,135.0,143.0,141.5,124.5,114.5,106.0,102.5,100.5,94.5,79.5,73.0,82.5,103.0,120.5,133.0,150.0,165.5,170.5,159.0,138.5,132.5
2023-05-16,129.0,111.0,118.0,129.5,143.5,153.5,145.0,127.5,110.5,106.0,104.5,99.5,100.0,103.0,116.0,144.0,168.0,180.5,194.0,202.0,208.5,206.5,202.5,198.0
2023-05-17,192.0,190.0,197.0,222.0,232.0,223.5,218.5,208.5,194.0,179.5,172.0,170.5,168.5,162.0,164.0,181.0,198.0,208.5,217.0,224.5,225.5,207.5,191.5,193.5
2023-05-18,191.0,181.5,185.5,193.0,190.5,196.5,196.5,185.5,166.5,148.5,142.0,145.0,147.5,153.0,160.5,178.5,187.5,192.0,198.0,200.0,206.0,195.0,189.0,188.5
2023-05-19,199.0,201.0,205.0,206.5,206.0,214.0,208.5,197.5,186.0,178.5,175.5,177.5,173.0,167.0,170.0,171.5,173.0,180.5,179.5,179.0,176.5,152.0,130.0,125.0
2023-05-20,131.5,127.5,122.0,117.5,116.5,123.0,108.0,88.0,74.5,63.5,58.0,56.0,54.5,55.5,60.0,83.0,110.0,124.5,135.5,143.0,146.5,132.0,119.5,116.0
2023-05-21,108.5,102.0,99.0,100.0,102.0,93.5,89.5,85.5,78.0,76.0,79.5,83.5,86.0,87.5,94.5,108.5,120.5,124.0,132.0,136.5,133.5,120.5,120.0,123.0
2023-05-22,123.5,123.0,116.0,120.0,129.5,139.0,131.5,126.0,114.5,107.5,103.0,96.5,98.5,100.0,99.0,111.0,119.0,120.5,131.5,135.5,138.5,116.5,83.0,89.5
2023-05-23,103.0,107.0,102.0,93.5,124.0,156.0,139.0,127.5,114.0,115.5,111.5,105.0,102.5,106.5,120.5,142.5,160.5,181.0,189.0,193.0,198.5,176.0,151.5,150.0
2023-05-24,146.0,141.5,142.5,156.0,178.5,184.5,167.5,146.5,141.5,133.5,124.5,120.5,114.0,110.0,122.0,143.5,160.5,174.5,181.0,191.0,201.0,183.0,159.5,155.5
2023-05-25,159.0,156.0,157.0,162.0,176.5,189.0,181.5,169.5,155.0,137.5,131.0,128.0,124.5,127.0,134.0,145.5,153.0,160.0,166.5,174.0,180.5,164.5,147.0,136.0
2023-05-26,123.0,120.5,131.0,155.0,180.5,185.5,173.5,159.5,141.0,124.5,114.0,105.0,97.5,93.5,104.5,128.0,152.0,171.0,185.0,190.0,195.5,170.0,136.0,121.5
2023-05-27,105.5,93.0,89.0,87.5,93.5,96.0,92.0,81.0,64.0,66.0,68.0,62.0,61.5,73.5,79.5,83.5,109.5,139.0,149.5,154.0,155.0,127.0,103.0,103.5
2023-05-28,109.5,112.0,118.0,115.5,114.5,105.5,94.0,79.5,71.0,62.5,60.0,57.5,57.5,58.5,61.5,67.5,70.5,85.0,94.0,93.5,81.5,86.5,83.0,80.5
2023-05-29,86.0,91.5,92.5,91.5,91.5,87.5,71.5,64.0,57.0,54.5,50.5,46.5,46.0,45.5,51.5,63.0,79.0,92.5,103.5,108.5,108.0,90.0,74.5,83.0
2023-05-30,87.0,82.0,91.0,93.5,106.5,131.0,132.5,132.5,127.0,113.5,106.5,103.5,102.0,104.0,110.5,126.0,134.5,140.5,146.0,155.0,157.5,142.0,124.5,129.5
2023-05-31,137.5,135.0,141.5,143.5,154.5,169.5,165.5,157.5,156.5,147.5,138.0,126.5,117.5,126.5,119.0,127.0,135.5,141.0,144.0,156.0,159.5,144.5,136.0,131.5
2023-06-01,130.5,129.5,135.0,144.5,151.5,149.5,149.5,141.5,135.5,120.5,107.0,98.5,89.5,90.0,101.5,119.5,142.5,143.0,143.0,141.0,141.0,139.5,130.5,129.0
2023-06-02,130.0,134.5,141.5,141.0,139.5,140.0,144.0,143.5,122.0,104.0,85.5,76.5,87.0,89.0,98.5,129.5,159.5,170.0,175.5,182.0,182.5,163.5,143.5,142.5
2023-06-03,144.0,135.0,134.5,134.5,142.5,140.5,134.0,116.5,98.0,88.5,81.0,78.5,77.5,77.0,87.5,113.0,135.5,147.0,158.5,161.5,168.0,156.5,140.5,136.0
2023-06-04,134.0,138.0,143.5,146.5,142.5,135.5,134.5,122.0,112.0,104.0,98.5,91.0,90.5,94.0,105.0,120.0,143.5,156.0,159.0,159.0,164.0,165.5,170.5,175.0
2023-06-05,178.5,178.0,176.5,172.5,183.5,192.5,193.0,190.0,180.5,173.0,165.5,154.5,149.5,152.5,157.0,169.5,178.5,181.5,183.0,189.5,193.0,181.0,173.0,176.0
2023-06-06,180.5,183.5,186.5,188.5,197.5,197.5,198.5,201.0,194.0,187.0,181.5,175.5,172.5,177.0,182.5,191.5,201.0,203.5,204.5,207.5,207.0,197.0,191.5,201.0
2023-06-07,203.5,201.0,204.0,206.0,211.5,210.5,205.0,204.0,193.5,62.0,0.0,29.5,101.0,133.0,161.5,166.5,178.0,187.5,188.0,194.0,195.5,182.0,165.5,168.5
2023-06-08,173.0,169.5,169.0,171.5,177.0,173.5,165.5,156.0,140.5,121.5,113.5,103.5,101.5,109.0,119.0,136.5,152.0,157.0,161.5,165.0,164.0,141.5,120.0,112.0
2023-06-09,108.0,105.0,115.0,114.0,122.0,132.0,123.0,114.5,106.5,94.0,82.5,81.5,78.5,79.5,86.5,108.0,132.0,142.0,152.5,152.5,157.0,130.0,100.5,92.0
2023-06-10,87.5,87.0,87.5,88.5,92.0,93.0,88.0,84.0,80.0,78.0,70.5,65.5,59.0,59.0,59.5,71.0,82.0,95.0,109.5,110.5,115.0,109.5,108.0,109.0
2023-06-11,118.5,131.0,143.0,150.0,150.5,137.0,142.0,152.5,155.0,153.0,150.5,142.5,139.5,145.0,155.5,173.0,192.0,208.5,214.5,223.5,232.0,232.5,230.0,227.0
2023-06-12,225.5,226.0,233.5,229.0,217.0,227.5,232.0,220.5,209.5,199.5,193.5,189.5,185.0,182.5,189.5,199.5,210.0,221.5,230.0,229.5,223.5,229.0,234.5,225.0
2023-06-13,217.5,213.5,217.5,227.0,224.5,226.0,218.5,204.0,187.5,170.0,154.5,136.0,131.0,134.0,145.5,160.5,175.5,180.5,186.0,190.0,181.5,175.0,160.0,161.5
2023-06-14,166.5,174.0,178.0,178.5,194.5,193.5,179.0,167.5,156.0,138.5,128.0,125.5,131.0,138.0,146.5,159.5,173.5,182.5,188.5,200.5,205.5,202.5,214.0,218.5
2023-06-15,221.5,225.0,233.0,239.5,235.0,218.5,210.0,200.5,186.0,172.0,161.5,154.5,156.5,164.5,175.0,185.0,201.0,218.0,227.5,241.0,249.5,252.5,247.0,257.5
2023-06-16,261.0,261.5,263.0,262.5,256.0,240.0,230.0,220.0,204.0,185.5,171.5,168.5,170.0,176.0,187.5,200.0,213.5,229.0,246.0,255.5,258.5,257.5,257.0,253.0
2023-06-17,251.5,246.0,245.5,250.0,240.5,226.5,213.5,198.5,182.0,169.0,157.5,150.5,140.5,136.0,153.5,176.5,195.0,211.0,225.0,232.0,231.5,229.5,220.5,210.0
2023-06-18,198.5,183.0,187.5,187.0,188.5,172.5,138.5,122.5,121.0,118.5,115.5,119.0,129.0,134.5,139.0,164.5,187.0,191.0,207.5,216.5,216.0,218.5,195.5,191.5
2023-06-19,188.0,184.0,188.0,168.5,153.0,172.0,173.0,171.0,163.5,163.0,158.0,152.5,144.5,142.0,158.0,176.5,196.0,208.5,220.0,236.5,228.0,214.5,211.5,226.5
2023-06-20,240.5,239.0,236.0,241.5,231.5,214.5,213.0,206.5,202.0,192.5,188.0,181.0,177.0,170.5,165.5,175.0,191.0,208.5,224.0,235.5,244.0,235.5,242.0,239.5
2023-06-21,237.0,236.5,241.5,234.5,232.0,229.5,223.0,209.0,197.0,185.5,170.0,161.0,159.0,166.0,182.5,199.0,217.5,222.0,238.5,255.5,263.5,265.5,264.5,272.5
2023-06-22,275.5,276.5,274.0,274.5,271.0,257.0,236.0,220.5,208.0,207.5,208.0,197.5,196.5,195.5,193.0,200.5,205.5,218.0,238.0,248.5,255.5,250.5,234.0,226.5
2023-06-23,227.5,227.5,229.5,231.0,227.5,211.5,200.0,189.5,177.5,161.0,137.0,118.0,116.5,123.5,137.0,157.5,175.5,184.0,194.0,199.0,197.5,184.0,161.0,140.5
2023-06-24,128.5,114.0,108.0,116.5,115.5,119.0,108.5,96.0,89.0,78.0,77.5,78.5,94.0,97.5,108.0,130.0,149.0,159.0,168.5,177.0,173.5,163.0,141.0,113.5
2023-06-25,105.5,109.0,107.5,115.0,115.5,115.5,110.0,95.5,88.5,92.0,93.5,87.0,84.5,84.0,72.5,77.0,96.5,101.5,112.5,127.0,142.0,130.5,113.5,106.5
2023-06-26,105.5,100.0,95.0,94.0,98.0,103.5,100.0,107.0,98.5,90.0,88.5,85.5,83.0,87.5,96.5,119.5,146.5,150.0,155.5,170.5,177.5,177.0,173.0,172.5
2023-06-27,175.5,184.5,187.0,194.0,199.0,188.5,180.5,171.0,163.5,154.5,146.5,138.0,134.0,132.0,143.5,161.5,181.0,183.5,183.0,192.0,197.5,189.5,182.0,188.0
2023-06-28,189.0,197.0,205.5,213.0,218.0,214.5,207.0,202.0,200.0,199.5,192.0,179.0,178.5,185.5,192.5,202.0,212.5,220.5,229.5,235.5,241.0,225.0,203.0,209.0
2023-06-29,211.0,215.0,214.5,211.5,210.5,209.0,192.5,177.0,163.5,157.0,157.5,145.0,143.0,150.0,157.5,167.5,182.0,198.0,205.5,214.5,204.0,175.0,159.0,157.0
2023-06-30,155.5,160.0,167.5,158.0,164.0,176.5,175.0,161.5,148.5,143.0,128.0,118.5,110.5,95.0,88.5,91.0,93.0,96.5,92.0,90.5,91.0,85.0,83.0,86.5
2023-07-01,82.5,82.0,81.0,81.5,81.5,80.0,80.0,80.5,78.5,76.5,66.0,64.5,63.0,60.0,57.0,61.0,61.5,69.0,88.0,93.0,91.0,92.5,88.0,81.5
2023-07-02,90.0,85.5,87.0,93.5,93.0,94.5,91.0,79.0,80.0,79.5,70.0,66.0,69.5,64.5,61.5,66.0,74.0,73.0,76.5,82.0,81.5,81.5,76.0,70.0
2023-07-03,72.5,73.5,75.0,77.0,78.5,80.0,71.0,58.5,58.5,56.0,57.5,65.0,67.0,67.5,76.0,80.5,71.0,77.0,88.5,99.5,90.5,69.0,63.0,62.5
2023-07-04,62.5,64.0,65.0,68.0,83.0,112.5,122.5,121.0,114.5,118.5,125.0,130.0,135.0,143.5,153.5,167.5,183.0,188.5,193.5,202.5,206.0,175.0,143.5,130.5
2023-07-05,120.0,112.0,109.5,104.5,107.0,116.5,112.5,105.0,98.0,95.0,96.5,88.0,87.5,89.0,99.5,127.5,147.0,159.5,170.5,176.5,183.5,181.5,171.0,171.5
2023-07-06,171.5,174.0,172.0,166.5,170.0,173.0,170.0,162.5,144.0,139.5,141.0,136.0,124.0,112.5,115.5,126.0,143.0,147.0,155.0,159.0,155.0,134.5,117.5,104.5
2023-07-07,108.0,122.5,128.5,136.0,143.5,152.0,152.0,143.5,119.0,92.0,84.5,83.5,68.0,74.0,79.5,88.5,102.0,113.0,122.0,130.5,130.0,107.5,83.0,80.0
2023-07-08,81.0,81.5,84.0,85.5,91.0,93.5,91.0,83.5,82.0,84.0,95.0,109.0,113.5,112.5,123.0,141.0,154.0,162.5,168.5,176.0,185.0,189.0,186.0,173.0
2023-07-09,169.5,168.0,165.0,170.5,166.0,158.5,141.0,139.5,132.5,130.0,127.5,120.5,111.0,118.5,132.0,162.0,179.5,176.5,182.5,201.5,205.5,194.0,188.0,193.5
2023-07-10,187.0,187.5,190.0,197.5,218.5,220.5,206.0,196.5,184.5,172.0,162.5,161.5,165.0,162.5,165.5,178.5,182.0,171.5,165.0,162.0,163.5,154.0,142.5,147.0
2023-07-11,164.5,176.0,149.5,127.0,128.5,142.0,150.5,152.5,150.0,146.5,143.5,142.0,143.0,140.5,133.5,146.5,166.0,185.5,184.0,188.5,186.0,166.5,150.0,159.0
2023-07-12,162.5,150.0,145.0,146.5,159.5,160.0,160.0,155.0,145.5,138.0,129.5,124.0,119.0,117.5,128.5,150.0,159.0,174.5,187.5,190.5,192.0,178.5,175.0,173.5
2023-07-13,175.5,180.5,187.0,190.0,190.5,196.5,193.0,188.5,180.5,174.0,164.5,155.0,148.0,153.0,166.5,179.5,183.5,191.5,202.5,214.5,218.5,212.0,208.0,208.0
2023-07-14,215.0,226.0,234.0,235.0,226.0,209.0,194.5,186.0,177.5,167.0,159.5,146.5,128.5,117.0,102.0,95.5,96.5,104.5,108.5,109.0,109.5,88.0,70.5,71.0
2023-07-15,73.5,74.0,75.0,76.5,68.5,62.5,58.5,57.5,53.0,50.5,56.0,51.5,49.0,46.5,41.5,43.0,59.0,62.0,63.0,65.5,64.5,67.5,80.5,92.0
2023-07-16,85.5,79.0,80.0,83.0,83.5,79.5,80.0,76.0,73.5,67.5,64.0,64.0,60.5,65.0,72.0,66.0,63.0,83.5,110.5,119.0,122.0,101.0,85.0,77.5
2023-07-17,76.5,79.0,84.5,94.0,119.0,143.0,145.5,141.5,119.5,109.5,96.5,84.5,80.5,88.0,107.0,128.0,157.5,172.5,186.0,207.0,209.5,209.0,212.5,215.0
2023-07-18,220.5,227.5,237.5,241.0,242.5,234.5,226.5,212.0,199.0,189.0,193.5,195.0,197.0,192.0,198.0,211.0,219.5,227.5,239.5,252.5,258.5,247.5,243.0,243.0
2023-07-19,240.0,237.5,236.0,234.0,230.0,217.5,208.5,199.5,190.0,187.0,183.5,178.0,174.5,176.5,180.5,182.5,193.0,207.5,221.5,233.0,235.5,229.5,229.0,233.0
2023-07-20,233.0,233.5,235.0,231.5,232.0,233.0,223.5,205.5,188.0,183.5,181.0,181.0,180.5,179.0,187.5,198.0,202.5,212.0,219.0,235.0,237.0,238.0,236.5,230.0
2023-07-21,230.5,239.0,235.5,225.0,216.5,215.5,211.0,202.0,189.5,182.0,179.5,185.0,186.5,182.0,183.0,192.0,207.5,207.5,212.0,223.5,235.0,241.5,221.5,191.5
2023-07-22,162.5,140.0,136.5,145.5,145.0,137.5,135.5,134.0,123.5,122.5,117.0,114.0,99.0,93.0,92.5,100.0,108.0,110.0,114.0,118.0,117.0,96.5,84.0,85.0
2023-07-23,83.5,82.5,85.0,83.5,77.5,77.5,77.0,74.5,73.5,66.5,58.0,56.5,55.5,67.0,79.5,102.0,119.0,116.5,123.0,131.5,126.0,108.5,104.0,107.5
2023-07-24,125.5,119.5,116.5,125.0,153.0,186.5,184.5,181.0,173.5,163.0,160.0,161.0,159.0,156.5,169.5,178.5,179.0,187.0,195.5,203.0,213.5,217.5,211.5,211.0
2023-07-25,210.5,210.5,207.0,208.0,213.5,221.5,213.0,204.0,201.5,199.0,197.5,190.5,189.0,181.0,175.5,181.0,201.5,212.5,221.5,233.0,245.0,237.5,229.0,224.5
2023-07-26,213.0,206.0,210.5,217.5,227.5,224.0,213.5,204.5,193.5,186.5,176.0,169.0,171.0,178.0,186.5,187.0,178.0,177.0,173.5,179.0,178.5,150.5,122.5,112.5
2023-07-27,110.0,108.0,117.5,122.0,136.5,175.0,178.5,176.5,170.5,170.5,168.5,168.0,167.0,162.5,166.5,177.0,185.0,187.5,195.0,205.5,211.0,205.5,205.5,220.0
2023-07-28,230.0,231.0,230.0,225.5,235.0,230.5,226.5,220.5,216.5,206.5,195.5,189.0,175.0,168.5,167.0,165.0,178.0,190.5,191.0,195.5,189.0,161.0,127.0,114.0
2023-07-29,121.5,117.0,119.5,116.0,115.0,113.0,104.5,105.0,90.5,80.5,81.0,80.0,73.5,73.0,73.5,66.5,70.5,82.0,92.0,101.5,105.5,97.5,91.0,100.5
2023-07-30,101.5,102.0,99.5,96.5,91.0,89.5,87.5,84.0,80.5,84.5,93.5,92.5,86.0,85.0,94.0,97.5,103.0,110.0,113.0,126.0,119.0,99.0,96.0,103.5
2023-07-31,109.5,103.0,102.0,107.0,106.0,110.0,111.5,121.0,122.0,122.5,125.0,117.0,116.0,108.5,100.0,103.5,115.0,116.5,122.0,128.5,130.5,104.0,88.0,91.0
2023-08-01,94.5,93.5,94.0,93.5,97.5,116.0,130.0,126.0,127.0,130.0,132.5,131.5,137.0,150.5,171.5,190.5,204.0,213.5,216.0,216.5,216.0,201.5,155.5,131.0
2023-08-02,117.0,110.0,105.0,103.0,105.5,105.0,98.0,96.5,96.0,95.0,97.0,96.5,99.5,100.0,103.5,118.0,123.0,134.5,131.0,129.0,109.5,81.0,76.0,87.0
2023-08-03,94.5,90.5,90.0,99.0,103.5,109.5,110.0,104.5,101.0,98.5,99.0,104.0,102.5,109.5,117.0,133.5,146.5,147.5,153.0,154.0,148.0,140.0,129.5,135.5
2023-08-04,133.5,126.0,125.0,134.0,150.5,170.0,171.5,168.0,173.5,178.0,170.5,173.5,174.5,173.5,186.0,205.0,213.0,221.0,232.0,243.0,244.5,252.0,256.5,241.0
2023-08-05,228.0,219.5,214.0,208.5,193.0,172.0,161.0,170.0,180.0,182.0,177.0,153.5,138.0,139.5,147.0,157.5,163.0,169.0,173.0,170.5,157.0,118.5,95.0,95.5
2023-08-06,97.5,99.5,100.0,103.5,103.0,98.0,91.0,80.5,67.5,73.5,78.5,76.0,72.0,70.5,74.0,99.0,120.0,134.0,143.0,153.5,146.5,132.0,113.0,120.0
2023-08-07,122.0,121.5,129.0,134.0,144.0,171.0,175.5,164.0,154.0,145.5,135.5,130.5,131.5,134.0,136.0,143.5,153.5,163.5,175.5,178.0,175.0,145.0,107.0,109.0
2023-08-08,111.5,106.5,103.5,103.5,138.0,174.5,172.5,163.5,156.0,145.0,139.0,134.5,134.5,142.5,151.5,159.5,167.5,177.5,187.0,194.0,193.0,174.0,141.0,133.0
2023-08-09,126.0,122.5,136.0,147.0,175.5,194.5,185.5,179.5,173.5,165.5,165.5,165.0,162.5,166.5,184.0,209.0,229.5,242.5,254.0,260.5,262.0,248.5,232.5,230.5
2023-08-10,229.5,226.5,231.5,235.0,229.5,226.5,216.5,206.0,195.5,188.5,177.0,163.5,159.5,166.0,174.5,183.0,193.0,202.0,215.0,215.5,213.0,190.5,157.0,135.5
2023-08-11,121.0,108.5,103.5,113.0,121.0,129.0,124.5,115.0,94.5,71.0,63.5,61.0,61.5,64.5,74.5,105.0,145.0,159.5,166.5,172.0,172.0,155.0,154.0,157.0
2023-08-12,137.0,122.5,121.5,119.0,116.5,105.0,98.5,108.5,84.0,77.5,70.5,64.0,63.0,66.5,69.0,73.5,87.5,110.0,115.5,121.5,117.0,101.5,90.0,87.5
2023-08-13,92.0,96.0,94.0,97.0,98.5,104.0,104.0,110.0,98.0,93.5,90.0,71.5,72.5,78.0,87.5,101.0,124.0,156.0,176.0,180.0,182.0,177.0,175.0,177.0
2023-08-14,176.5,180.0,178.0,173.0,171.5,165.0,158.0,162.0,159.0,151.5,152.0,147.0,144.5,137.0,138.0,150.0,164.5,180.5,188.0,185.5,181.5,170.5,151.0,156.0
2023-08-15,160.5,164.5,167.5,176.0,187.5,191.0,182.0,176.0,171.0,167.0,158.5,159.5,161.0,170.5,185.5,201.5,212.5,225.0,244.0,256.5,264.5,277.5,276.0,274.0
2023-08-16,269.0,269.5,269.0,270.5,267.0,261.5,244.0,230.5,221.5,207.0,199.5,195.0,192.5,197.0,200.5,212.5,224.5,229.5,241.0,247.5,243.5,213.5,193.0,190.0
2023-08-17,184.0,168.0,171.0,181.5,190.0,195.0,186.5,174.0,166.5,159.0,147.0,139.0,134.0,128.0,131.0,146.5,159.5,163.5,169.5,169.0,155.5,133.5,117.0,110.5
2023-08-18,110.0,104.0,104.5,110.0,135.5,158.0,160.5,154.0,145.0,149.5,155.5,145.5,135.5,134.5,131.5,142.0,156.5,160.0,159.5,149.0,131.0,107.0,104.5,106.0
2023-08-19,107.5,113.0,103.5,98.0,94.0,85.0,79.0,71.0,65.0,49.0,47.0,45.5,42.0,45.0,54.5,84.5,109.0,121.5,136.0,147.5,140.5,121.5,96.0,89.5
2023-08-20,94.5,101.0,110.5,115.5,127.0,123.0,116.5,113.5,107.5,103.5,98.0,88.5,74.5,75.5,95.0,141.5,176.5,183.0,192.5,203.0,190.5,173.0,156.0,153.5
2023-08-21,155.0,148.0,148.0,144.5,159.5,172.0,162.0,151.0,145.5,139.0,130.5,128.0,121.5,124.0,134.0,150.0,159.0,171.0,174.0,170.5,151.5,141.5,134.0,139.5
2023-08-22,143.0,145.0,145.0,142.0,150.0,162.5,165.5,166.0,159.5,149.0,141.5,135.5,137.0,146.5,161.0,180.0,205.5,222.5,232.0,242.0,247.0,247.0,247.0,241.5
2023-08-23,236.5,238.5,245.0,249.0,270.0,281.5,271.5,252.5,245.5,240.5,216.5,212.0,217.5,217.5,224.5,239.5,242.5,244.0,248.5,253.5,251.0,229.5,221.5,228.0
2023-08-24,226.5,220.5,214.0,215.5,229.5,250.0,260.0,255.5,241.5,242.0,234.0,231.0,228.0,223.0,221.5,225.5,236.5,245.0,252.0,244.0,230.5,222.5,218.5,216.5
2023-08-25,226.0,230.5,227.5,222.5,230.5,245.5,236.5,226.5,218.0,212.5,204.0,200.0,196.0,198.0,203.5,216.0,227.5,230.0,229.5,218.0,210.0,206.5,193.0,194.0
2023-08-26,198.0,191.0,185.0,185.5,198.5,193.5,186.5,175.5,156.0,144.0,135.0,143.0,139.0,136.0,139.0,161.5,183.0,188.5,203.0,206.5,209.5,198.5,177.5,155.0
2023-08-27,137.0,130.0,124.5,120.5,118.5,123.5,119.0,118.5,116.0,113.5,117.5,115.5,113.0,108.5,114.0,131.0,159.0,177.5,182.0,181.0,171.5,149.0,123.5,109.0
2023-08-28,106.5,109.5,113.5,132.0,153.0,179.0,188.0,182.5,183.5,182.0,180.0,173.5,166.0,157.5,167.0,192.0,200.0,202.5,210.5,217.0,217.0,204.5,186.0,178.0
2023-08-29,179.0,176.0,170.0,176.5,190.0,204.0,203.0,200.5,195.0,181.0,166.5,168.0,171.5,166.0,160.5,161.5,164.0,175.0,180.5,180.5,175.0,154.5,134.0,129.5
2023-08-30,128.0,125.0,124.0,134.0,150.5,166.0,169.0,169.0,159.5,156.5,155.0,159.5,159.0,158.0,155.5,170.0,181.0,191.0,202.5,212.5,219.0,216.0,213.0,218.0
2023-08-31,222.0,221.0,219.0,223.5,239.0,244.0,234.0,219.5,210.5,200.5,190.0,187.0,190.0,201.0,210.0,210.5,213.0,215.5,220.0,226.5,230.0,218.5,210.5,216.0
2023-09-01,215.0,208.0,206.5,215.0,217.0,221.0,219.5,213.0,209.5,210.5,204.0,200.0,205.0,206.0,206.5,215.0,226.5,235.5,245.5,246.5,241.0,234.5,228.5,220.5
2023-09-02,216.5,212.5,213.0,218.0,218.0,214.0,209.5,202.5,191.0,174.0,155.0,137.0,125.5,128.0,146.0,172.5,193.0,199.5,209.0,217.5,220.5,191.5,151.0,128.5
2023-09-03,117.0,118.0,117.0,119.0,125.0,132.0,122.0,113.5,99.5,91.0,81.5,78.0,78.5,84.0,96.5,129.5,161.5,179.5,189.0,192.0,180.5,153.5,140.0,139.5
2023-09-04,143.5,143.5,144.0,152.5,174.5,196.0,190.0,179.0,156.0,140.0,131.0,125.5,126.0,128.0,149.0,181.5,207.0,220.5,229.0,229.5,217.0,200.0,188.5,185.5
2023-09-05,180.5,175.5,188.0,200.5,219.0,232.0,219.0,205.0,188.0,169.5,155.0,141.5,139.5,150.5,168.5,200.5,221.5,232.0,232.5,232.5,215.0,207.5,205.5,206.0
2023-09-06,207.0,207.5,207.0,211.0,214.5,218.0,214.5,206.5,197.5,184.0,174.0,173.0,179.5,192.5,215.0,232.5,244.5,259.5,270.0,271.5,266.5,248.0,231.0,236.5
2023-09-07,241.5,239.5,239.0,245.0,251.5,244.0,240.5,233.0,219.0,195.0,180.0,174.5,173.0,182.5,210.5,227.0,237.0,242.0,254.0,256.0,265.5,255.5,248.5,252.0
2023-09-08,258.5,261.0,266.0,269.0,273.0,279.5,274.5,260.5,250.0,237.5,225.5,216.5,207.5,213.5,228.0,240.5,251.5,261.0,261.5,263.0,269.5,266.5,257.0,240.5
2023-09-09,224.5,215.5,209.5,211.5,215.5,210.5,200.5,187.5,172.5,152.5,134.0,125.5,125.5,136.0,155.0,192.5,227.0,248.5,257.5,266.5,273.0,257.0,231.5,223.0
2023-09-10,215.5,212.0,211.5,215.0,215.0,213.0,208.0,201.5,204.0,202.0,208.0,201.0,188.0,191.0,196.0,215.5,226.5,228.5,245.0,250.5,231.0,212.5,196.5,184.0
2023-09-11,167.5,148.5,150.5,166.0,192.5,221.5,219.5,214.0,215.0,207.0,202.5,200.5,209.5,212.0,225.0,238.0,242.5,251.0,260.0,258.0,255.0,247.5,239.5,232.5
2023-09-12,231.5,224.5,224.5,236.5,254.0,270.0,265.5,260.5,255.5,251.5,247.0,247.0,239.5,235.0,225.5,230.5,241.0,241.0,238.5,231.5,223.5,197.5,150.5,137.0
2023-09-13,137.0,137.5,141.5,151.0,175.5,196.0,191.0,191.0,189.5,181.0,180.5,181.5,178.0,184.5,195.0,217.5,224.5,225.5,227.5,221.5,200.0,164.0,142.0,134.0
2023-09-14,126.0,110.5,96.5,105.0,139.0,183.5,195.0,195.0,189.0,183.5,177.0,171.0,178.0,189.5,211.0,217.5,229.0,241.5,241.5,239.5,238.5,217.5,196.0,198.5
2023-09-15,194.0,183.5,182.5,191.0,212.5,234.5,234.0,229.0,219.0,202.5,183.0,171.5,174.0,187.5,203.0,209.5,215.0,223.0,219.0,216.0,186.0,155.5,132.5,123.0
2023-09-16,121.5,118.5,119.5,127.5,140.0,144.0,142.5,143.5,141.0,136.5,133.0,132.0,128.0,133.0,143.5,161.5,173.5,174.5,169.0,176.0,178.0,150.5,123.0,116.5
2023-09-17,111.5,109.0,111.5,107.5,107.5,103.0,105.5,106.0,111.0,115.5,118.0,129.0,131.0,138.5,148.5,161.5,171.5,175.0,172.5,161.5,137.0,108.5,90.0,90.5
2023-09-18,88.5,91.0,97.0,99.0,103.0,108.0,93.5,85.5,78.5,64.5,57.5,42.0,34.5,30.0,32.0,48.0,65.5,71.5,67.0,52.5,46.0,47.5,54.0,53.5
2023-09-19,53.5,54.5,58.0,61.0,62.5,71.5,63.0,63.5,61.5,61.5,59.0,59.0,58.5,55.5,61.0,66.5,70.5,71.5,70.0,50.0,45.0,60.0,66.0,65.5
2023-09-20,63.5,62.0,63.5,60.0,64.0,65.5,59.0,50.0,55.0,56.5,60.5,61.0,58.5,61.5,64.0,78.5,93.5,109.5,106.0,98.5,87.5,83.5,79.0,83.0
2023-09-21,94.0,74.5,80.5,92.5,112.0,147.0,164.0,155.0,143.5,134.5,140.5,143.0,149.5,150.5,161.5,191.5,209.5,211.5,203.5,188.0,170.0,146.0,123.5,121.0
2023-09-22,127.0,122.0,121.0,129.5,157.5,183.0,181.5,167.0,147.5,131.0,120.5,109.5,103.0,102.5,117.0,134.5,147.0,151.0,149.0,145.0,133.5,117.5,105.5,106.0
2023-09-23,101.5,96.5,94.0,111.0,131.5,141.5,158.0,167.0,166.0,156.0,149.5,148.5,144.0,148.5,144.5,164.0,182.5,187.5,175.5,159.5,134.0,90.0,70.5,65.0
2023-09-24,62.5,62.5,65.5,65.5,68.0,66.0,66.0,57.5,55.5,52.5,57.0,55.5,52.5,43.0,39.5,50.5,60.5,65.0,63.5,62.5,61.0,60.0,61.0,64.0
2023-09-25,65.0,65.0,65.5,70.0,94.0,107.0,104.0,85.0,70.5,69.0,66.0,66.5,65.0,86.5,127.5,160.5,186.5,200.0,204.0,198.5,184.0,171.0,157.5,154.5
2023-09-26,150.0,143.5,138.0,145.5,153.0,160.5,158.5,149.5,130.0,106.0,89.0,73.0,84.0,112.5,129.5,151.5,169.5,184.0,182.5,186.5,178.0,172.5,177.5,189.5
2023-09-27,195.0,195.5,196.0,209.0,218.0,210.0,206.0,201.0,189.0,157.0,136.0,117.0,100.5,94.0,103.5,114.5,113.5,117.0,101.5,79.5,69.0,64.0,56.0,59.5
2023-09-28,55.0,54.5,59.5,51.5,64.0,89.5,102.0,98.5,102.0,103.5,102.5,101.0,100.5,111.0,134.0,146.5,161.5,172.5,176.0,172.5,135.0,86.5,80.5,92.5
2023-09-29,99.5,91.0,92.5,91.5,100.0,112.0,102.5,86.5,72.0,62.0,58.5,55.5,61.5,61.0,79.0,125.5,151.0,161.5,158.5,151.5,148.0,137.0,135.0,136.5
2023-09-30,139.5,140.0,145.0,154.5,175.0,191.0,210.0,206.5,200.5,193.0,186.5,179.5,176.5,164.0,179.0,182.5,183.0,178.5,170.5,162.5,128.5,92.0,72.5,69.5
2023-10-01,70.0,71.5,74.5,73.5,74.0,86.0,78.0,71.0,71.0,70.0,79.0,86.0,84.5,98.0,119.5,158.5,184.0,196.5,193.5,192.5,193.0,180.5,170.0,171.5
2023-10-02,173.5,169.5,179.5,189.5,206.0,221.0,224.0,225.5,219.0,208.5,204.5,210.5,214.0,216.0,226.5,229.5,238.5,226.5,222.5,216.5,196.0,131.0,87.0,79.5
2023-10-03,75.0,78.0,84.5,85.0,87.0,85.0,90.5,70.5,47.5,39.5,35.5,37.0,36.0,34.0,42.0,60.5,82.5,101.0,92.5,80.5,67.0,62.5,65.5,67.5
2023-10-04,64.5,63.0,67.0,67.5,95.0,113.5,98.0,83.0,71.0,54.0,46.5,43.0,43.5,52.5,75.5,111.0,134.5,139.0,134.5,126.0,105.5,76.0,71.5,69.5
2023-10-05,74.5,79.0,84.0,109.0,156.5,190.0,186.5,184.5,169.5,149.5,131.5,123.0,115.0,118.0,125.5,133.0,138.0,133.0,119.0,100.5,79.0,66.0,62.5,59.5
2023-10-06,59.0,59.5,60.0,59.0,61.5,75.0,77.0,69.5,63.5,49.5,45.5,49.0,50.5,59.0,87.5,117.5,132.0,133.5,129.0,117.5,93.0,76.5,66.5,60.5
2023-10-07,63.5,64.5,61.5,60.5,66.0,67.5,76.0,69.5,65.0,59.0,60.5,60.5,59.5,64.5,87.0,117.5,136.5,148.0,157.0,153.5,147.0,132.0,97.5,89.5
2023-10-08,91.5,95.0,94.0,95.0,105.5,133.0,140.0,145.5,141.0,125.0,117.0,115.0,115.5,129.5,147.5,176.0,183.5,193.5,194.5,182.5,157.0,134.0,120.0,114.0
2023-10-09,113.0,112.5,127.0,148.0,186.0,208.5,224.5,221.5,222.0,223.5,221.0,207.5,209.0,226.5,233.0,241.5,255.5,259.0,257.5,261.0,233.0,195.0,166.5,160.5
2023-10-10,153.5,152.5,159.5,157.0,165.5,182.0,186.0,179.0,158.5,127.0,98.0,89.0,85.5,83.5,91.5,107.0,119.5,129.5,116.5,95.5,81.5,66.0,55.0,55.5
2023-10-11,57.0,55.5,56.0,58.0,71.0,83.5,96.0,100.0,97.0,100.5,104.0,110.5,119.5,134.0,160.5,173.5,182.5,182.0,176.0,174.5,149.5,130.0,134.5,150.5
2023-10-12,159.0,158.5,168.0,197.5,252.5,278.0,274.5,262.0,254.0,247.5,240.5,239.5,241.0,244.5,246.5,251.5,259.0,261.5,260.0,244.5,230.0,192.0,144.5,124.0
2023-10-13,124.5,109.0,110.0,105.0,97.5,117.0,109.0,114.0,109.0,92.5,72.0,76.5,86.5,94.0,91.0,78.5,90.5,92.0,74.0,55.0,51.0,57.0,62.0,60.0
2023-10-14,59.0,59.0,61.5,60.5,58.5,58.5,65.0,69.0,62.0,61.0,56.5,54.5,54.0,56.0,63.5,80.0,102.0,106.0,91.5,83.5,86.5,68.5,73.0,83.5
2023-10-15,81.5,73.0,66.5,75.0,76.0,73.5,79.5,77.0,74.5,72.5,71.0,71.5,78.5,94.5,133.5,178.0,202.5,219.0,214.5,212.0,206.5,195.5,187.0,188.0
2023-10-16,194.5,195.5,195.0,213.0,248.5,258.5,261.0,260.5,254.0,243.5,237.0,236.0,238.0,238.5,239.0,244.5,250.5,255.0,255.5,245.0,241.0,223.0,198.0,182.5
2023-10-17,175.5,171.5,169.0,176.5,205.0,217.5,206.0,196.0,181.0,162.5,141.0,113.0,95.5,90.0,104.0,126.5,139.5,132.0,107.5,86.0,68.5,66.0,67.5,66.5
2023-10-18,64.5,60.5,62.0,64.0,68.0,75.0,71.0,73.0,70.5,69.0,63.0,63.5,64.0,63.5,66.5,73.5,82.0,83.5,78.5,66.5,60.0,60.0,53.5,56.0
2023-10-19,67.5,59.5,56.0,61.0,76.5,106.0,137.0,138.5,136.0,134.5,135.5,132.5,129.5,136.5,140.0,157.5,171.0,176.0,171.5,151.5,124.0,95.5,74.5,66.5
2023-10-20,70.5,69.5,66.5,65.0,72.5,85.5,88.0,86.0,86.0,86.5,91.0,90.5,80.0,77.5,90.5,106.5,112.5,106.5,103.0,88.5,89.5,94.5,,
2023-10-22,,,,,,,,,,,,,,,,,,,,261.0,254.0,242.0,235.0,232.5
2023-10-23,234.0,228.0,227.5,236.5,254.0,262.0,257.0,249.5,240.0,234.5,231.0,225.5,226.0,225.5,221.5,220.0,217.5,217.5,209.5,185.5,166.5,126.5,109.0,110.5
2023-10-24,108.5,112.5,116.0,126.0,169.0,215.5,228.5,230.0,219.0,222.0,217.5,214.0,213.0,217.0,231.0,234.5,236.0,231.5,238.5,235.5,218.0,201.0,184.5,186.0
2023-10-25,191.0,196.5,194.0,196.0,211.0,235.0,245.0,248.0,242.5,234.0,225.5,218.5,212.5,214.0,222.5,235.5,243.5,249.0,245.0,236.5,220.0,194.0,179.0,175.5
2023-10-26,172.0,174.5,174.0,180.0,211.5,232.5,233.5,223.5,215.5,204.0,197.5,199.0,184.5,180.5,190.0,212.5,223.5,224.5,221.5,204.0,179.0,158.0,140.0,141.5
2023-10-27,153.5,154.0,155.0,161.5,183.5,213.5,216.5,218.5,213.0,201.0,198.0,196.5,193.0,194.5,194.0,201.5,207.0,204.5,191.0,174.0,163.0,130.0,106.5,93.0
2023-10-28,89.0,84.5,82.0,85.0,90.5,102.0,131.5,142.0,138.5,135.0,130.0,128.5,127.5,129.0,132.5,138.5,138.5,126.5,108.5,87.0,70.5,68.5,64.0,64.0
2023-10-29,65.0,73.5,80.5,77.5,69.5,71.0,71.0,72.5,75.5,78.0,92.0,101.0,117.5,117.0,114.5,125.5,140.5,136.5,121.5,89.5,71.5,65.0,66.0,67.5
2023-10-30,67.5,67.0,76.0,85.0,99.0,111.5,152.5,167.0,173.0,174.0,171.5,173.0,182.5,195.5,206.5,221.0,223.0,219.5,216.0,215.5,194.0,153.5,125.0,106.0
2023-10-31,111.5,105.0,102.0,102.5,113.5,138.5,175.5,189.5,194.5,187.0,178.0,175.5,180.5,191.5,196.0,206.5,203.5,200.5,201.0,187.5,168.0,143.5,112.0,103.0
2023-11-01,105.5,101.5,99.0,83.0,64.0,68.5,74.5,78.5,73.5,66.5,64.5,56.5,50.0,49.5,56.5,73.0,100.0,95.5,91.0,87.5,82.5,52.0,56.5,60.5
2023-11-02,65.0,57.0,56.0,58.5,59.0,67.5,82.5,92.0,99.5,101.5,110.0,113.0,104.0,116.0,107.5,112.0,117.0,111.5,98.0,88.5,69.5,52.0,54.0,56.0
2023-11-03,63.0,61.5,58.5,58.0,59.5,70.0,92.0,95.0,90.5,87.5,83.5,75.5,72.5,82.0,101.0,123.5,143.0,157.5,161.5,167.0,156.0,136.5,123.5,119.0
2023-11-04,125.5,131.0,153.5,156.0,152.0,156.5,166.5,164.5,179.5,175.0,178.5,172.0,159.0,154.5,145.0,162.5,179.0,177.0,194.0,189.5,188.0,184.5,174.5,168.5
2023-11-05,175.5,171.0,169.0,162.5,158.0,136.0,129.0,144.5,138.5,129.5,120.5,114.5,121.5,139.0,153.5,179.0,189.0,191.5,194.0,193.5,175.0,159.0,143.0,115.5
2023-11-06,106.0,100.0,102.0,99.5,96.5,120.5,168.5,174.5,165.5,153.5,137.0,126.0,126.0,133.0,146.0,164.5,176.0,174.5,163.0,144.5,121.5,91.5,78.5,79.0
2023-11-07,79.0,82.5,82.0,79.5,84.5,118.5,148.5,150.5,150.0,139.0,130.0,130.0,140.0,152.5,180.5,203.0,207.0,200.5,201.0,202.0,181.0,146.0,100.0,75.5
2023-11-08,76.5,76.0,71.5,72.0,88.0,109.5,125.0,122.0,116.0,108.5,101.5,98.0,100.0,119.0,144.5,174.0,178.0,180.5,180.5,178.5,167.5,144.5,115.5,110.0
2023-11-09,110.5,97.0,85.5,83.0,97.0,152.0,190.5,182.5,171.5,168.0,152.0,153.5,164.0,174.0,191.0,199.0,205.0,199.5,198.5,181.0,166.0,144.5,128.5,111.0
2023-11-10,123.5,126.0,118.0,121.5,137.0,183.5,222.0,229.0,222.0,216.5,207.0,195.5,187.5,185.5,184.5,186.0,189.5,188.0,186.0,175.0,154.0,135.5,108.5,104.0
2023-11-11,105.0,96.5,100.0,99.0,99.0,110.0,148.0,180.5,183.0,173.0,170.5,174.5,192.0,204.5,231.5,250.5,256.5,263.0,263.0,266.5,260.0,246.5,224.5,204.0
2023-11-12,205.0,197.0,192.5,184.0,169.5,167.0,172.5,184.0,197.5,204.0,203.0,205.0,201.5,200.5,197.5,190.5,196.5,196.0,190.5,177.5,160.5,144.5,112.0,104.5
2023-11-13,105.5,86.5,85.0,85.0,80.0,79.0,93.5,101.0,99.0,91.0,84.0,85.0,95.0,96.0,98.0,102.5,106.5,103.5,99.0,95.5,86.5,68.0,66.5,67.5
2023-11-14,69.5,76.0,79.0,80.5,78.0,84.0,120.5,152.5,169.0,179.5,179.5,180.0,182.0,192.5,193.5,195.5,196.0,192.0,188.0,171.5,135.0,113.0,79.0,71.0
2023-11-15,70.0,68.0,65.0,62.5,72.5,103.5,150.0,166.0,164.0,157.5,149.0,148.0,155.0,169.0,195.0,212.5,225.5,240.0,252.0,261.0,262.5,261.0,263.0,267.0
2023-11-16,275.0,276.5,275.0,273.5,280.5,290.0,297.5,291.5,291.0,291.5,288.0,287.5,288.0,284.0,287.5,289.0,289.0,284.5,283.0,290.0,289.0,285.0,270.0,250.5
2023-11-17,243.0,250.5,255.0,268.5,284.0,290.0,305.5,301.5,293.0,282.5,271.5,266.0,266.5,270.0,282.0,281.0,279.0,273.5,271.5,278.5,271.5,251.0,183.5,111.5
2023-11-18,79.5,76.0,76.5,70.5,66.0,69.0,77.5,96.5,98.5,99.5,98.5,94.5,94.0,86.5,81.0,88.0,100.0,98.5,88.0,68.0,57.5,58.0,64.5,64.5
2023-11-19,71.5,65.5,63.5,61.0,62.0,64.0,68.0,68.0,68.5,73.0,88.5,106.0,119.5,121.5,129.5,142.0,148.5,144.5,134.0,119.5,98.0,73.0,70.0,70.0
2023-11-20,73.5,78.0,80.5,78.5,88.0,130.0,190.0,218.5,216.0,209.5,204.0,204.0,211.5,225.0,242.0,245.5,243.5,238.5,237.0,225.5,201.0,172.5,138.5,140.0
2023-11-21,131.0,123.5,115.0,121.5,159.5,202.0,231.5,244.5,234.0,235.0,231.5,227.5,223.5,226.0,246.0,246.0,248.0,252.5,254.5,259.5,256.0,241.5,213.0,186.5
2023-11-22,175.5,164.5,161.5,157.0,158.0,177.0,193.5,195.0,191.5,186.0,172.5,166.5,163.5,157.0,161.0,169.0,164.5,163.0,141.5,121.5,88.0,70.5,70.5,59.5
2023-11-23,58.5,57.0,60.5,57.0,60.0,79.0,95.5,87.5,89.5,88.5,81.5,70.0,77.0,80.5,88.0,95.0,99.0,102.0,99.5,89.5,76.0,64.5,57.5,57.5
2023-11-24,58.5,59.0,58.5,59.0,59.5,71.5,83.5,99.0,102.0,96.0,93.5,89.5,86.5,97.0,120.0,139.0,150.5,156.0,158.5,158.5,149.0,136.5,119.5,112.0
2023-11-25,110.5,109.0,110.0,103.0,98.5,111.5,130.5,154.5,166.0,162.0,151.0,150.0,154.5,165.5,191.5,219.0,218.5,213.0,218.0,226.0,227.0,225.0,214.0,206.5
2023-11-26,208.0,207.0,207.5,208.5,215.5,214.5,228.0,240.5,242.5,245.0,242.0,243.5,247.5,251.5,254.5,253.5,248.0,247.5,248.0,243.5,231.0,219.5,198.0,181.5
2023-11-27,184.5,185.5,187.5,186.5,196.0,232.0,258.0,245.5,235.0,230.0,225.0,220.0,214.0,211.5,200.5,196.0,194.5,193.0,190.0,179.0,162.0,146.0,124.5,117.0
2023-11-28,118.5,126.0,140.0,150.5,160.5,210.0,254.0,263.0,265.5,260.5,248.5,230.5,229.0,232.0,235.0,237.5,232.5,230.0,230.0,228.5,220.0,206.5,193.5,185.5
2023-11-29,168.5,162.5,180.5,196.0,216.5,242.0,272.5,284.5,281.0,269.5,259.5,254.5,254.5,252.5,256.0,263.5,262.0,257.0,259.0,272.0,279.5,282.0,277.0,276.0
2023-11-30,274.5,268.5,259.0,255.5,261.0,270.0,276.0,281.0,278.0,272.5,262.0,259.5,257.0,256.0,260.0,260.5,259.5,262.0,265.0,264.5,275.5,281.5,284.5,286.5
2023-12-01,287.5,281.5,283.0,284.0,284.5,282.0,290.5,288.0,279.0,269.5,271.0,263.5,269.0,268.5,279.0,283.0,280.0,286.5,291.0,293.0,295.0,298.5,302.0,297.5
2023-12-02,299.0,298.0,298.5,302.0,303.0,307.5,304.5,295.5,288.0,275.0,271.5,271.0,268.0,267.5,272.0,274.0,268.5,266.0,266.5,271.5,275.0,266.0,240.5,219.5
2023-12-03,214.0,208.0,200.0,188.5,180.0,180.0,189.5,197.0,201.0,205.5,204.5,207.0,212.0,225.0,236.0,242.5,241.5,243.0,242.0,229.5,210.0,192.0,162.5,146.5
2023-12-04,149.0,128.5,116.0,114.0,125.5,161.0,198.5,209.5,209.0,211.0,208.5,210.0,211.5,212.5,213.0,210.0,212.5,209.0,205.0,195.0,170.5,148.0,121.5,109.5
2023-12-05,115.5,110.0,110.0,120.0,137.5,182.0,229.5,240.0,238.5,241.0,239.0,229.0,225.5,234.5,236.5,239.0,243.0,241.0,239.0,250.0,262.5,262.5,260.5,263.0
2023-12-06,267.0,262.0,261.5,264.5,263.5,268.0,277.0,280.5,276.5,264.0,259.5,254.0,245.5,243.5,242.5,241.0,232.5,223.0,224.5,236.5,234.0,211.5,181.5,150.0
2023-12-07,143.5,136.0,128.0,126.0,119.5,124.5,151.5,165.0,168.0,173.0,174.5,173.0,172.5,173.0,173.0,174.5,179.0,179.0,174.5,159.5,138.0,122.0,101.0,91.5
2023-12-08,100.0,98.5,100.0,98.5,120.0,180.0,221.0,227.0,228.0,224.0,214.5,202.0,196.5,191.5,192.0,186.5,184.0,178.5,170.5,151.5,116.0,72.5,48.5,47.0
2023-12-09,47.5,43.5,44.5,45.5,45.0,45.5,41.0,42.0,62.0,76.5,73.5,67.5,66.0,70.5,74.0,92.5,98.5,93.5,79.5,66.0,53.0,49.5,55.0,62.5
2023-12-10,74.0,65.0,58.5,62.0,71.5,83.0,97.0,90.5,102.5,112.0,123.0,117.5,119.0,102.5,112.5,123.0,129.0,126.5,126.5,106.0,90.0,82.0,63.0,60.0
2023-12-11,65.5,76.0,73.0,75.5,71.5,105.0,172.0,196.0,207.0,201.0,199.0,207.0,208.5,215.0,234.5,240.0,239.0,240.5,241.0,236.0,232.5,207.0,161.0,141.0
2023-12-12,143.0,129.5,116.5,114.0,125.5,156.0,189.5,209.5,213.5,216.0,211.0,215.0,224.5,234.0,235.5,244.5,243.0,241.5,244.5,234.5,213.5,190.0,171.0,149.0
2023-12-13,142.5,137.5,132.0,131.0,151.0,175.5,214.0,220.5,226.0,224.5,221.0,217.0,215.0,212.0,213.5,215.0,215.0,216.5,223.5,214.0,198.0,174.0,163.0,154.5
2023-12-14,157.0,150.0,141.0,148.0,161.5,189.5,226.0,230.5,230.0,227.0,223.0,217.0,220.0,225.0,225.0,224.0,223.5,227.0,236.0,233.5,222.5,197.0,159.0,130.5
2023-12-15,135.5,123.0,119.5,125.0,138.0,170.0,202.5,204.5,194.0,205.5,203.5,190.5,194.0,182.0,172.5,172.5,171.5,167.5,152.0,131.5,104.0,83.5,66.5,64.5
2023-12-16,71.0,68.0,64.0,61.5,60.0,67.0,81.5,86.5,83.0,73.5,62.0,57.5,58.0,66.5,79.0,89.5,88.5,83.5,80.5,74.0,69.0,64.5,66.5,59.0
2023-12-17,62.5,57.0,55.0,53.0,52.0,54.5,65.5,65.5,68.0,62.0,55.5,54.0,50.0,50.0,58.5,72.5,81.5,80.5,75.5,74.5,73.0,60.5,60.5,61.5
2023-12-18,65.0,64.5,63.5,64.0,69.5,92.0,126.0,136.5,134.0,129.5,127.5,127.0,126.0,129.5,126.0,129.0,136.0,131.0,129.0,118.5,105.0,90.0,72.5,72.5
2023-12-19,80.0,78.0,80.5,81.0,90.0,120.5,148.0,154.0,145.5,147.0,157.0,148.0,140.0,141.0,139.0,139.5,135.0,123.5,116.5,103.5,78.0,57.5,56.0,56.5
2023-12-20,61.5,60.5,54.0,48.0,49.5,54.5,64.0,65.5,54.5,50.0,50.5,44.0,39.0,42.0,46.0,51.5,58.5,58.5,52.0,47.0,50.0,49.5,46.0,47.0
2023-12-21,48.0,45.0,39.5,48.0,42.5,42.5,44.5,40.5,41.5,46.0,52.5,53.0,53.5,59.5,61.5,58.0,63.5,53.5,46.5,42.5,36.5,38.0,36.0,36.0
2023-12-22,38.0,37.5,38.0,39.5,39.0,37.5,38.5,40.0,45.0,49.0,53.5,62.5,63.5,65.0,56.0,60.5,70.0,66.5,61.0,61.5,54.5,45.5,44.5,50.0
2023-12-23,52.0,48.0,46.5,48.5,46.5,45.5,45.0,45.0,41.5,35.5,31.0,31.0,34.0,35.0,37.0,44.5,56.0,55.5,53.5,53.0,49.0,55.5,52.0,53.5
2023-12-24,56.0,53.5,49.0,49.5,50.0,52.5,53.0,48.5,46.5,40.0,35.0,37.5,35.5,38.5,35.0,33.0,37.0,36.5,35.0,39.5,42.5,50.0,54.0,56.5
2023-12-25,57.5,58.5,61.5,66.5,67.5,75.0,75.0,65.5,64.5,53.5,41.5,47.0,52.5,48.5,42.5,41.5,41.0,43.5,44.0,55.0,60.0,58.5,57.0,57.0
2023-12-26,58.0,56.0,57.0,57.0,59.0,62.5,65.5,61.0,54.5,62.0,63.0,79.5,103.5,123.0,150.5,175.0,186.0,181.5,183.0,178.0,154.0,120.0,80.5,65.5
2023-12-27,69.0,67.0,62.0,58.0,55.5,57.0,62.0,53.0,51.5,48.5,41.0,36.5,34.0,32.0,32.0,33.5,39.5,37.0,35.5,32.0,30.5,46.0,49.5,47.5
2023-12-28,52.0,51.0,48.0,47.5,48.0,48.5,44.0,41.5,35.5,30.5,29.0,28.5,30.5,26.5,26.0,33.0,40.5,40.0,39.0,40.0,35.5,37.0,46.0,44.0
2023-12-29,47.5,48.0,50.0,51.5,48.5,47.0,46.5,46.0,41.5,44.5,44.5,43.0,41.0,43.5,54.0,63.0,76.0,78.0,71.0,64.0,50.0,49.5,55.5,57.0
2023-12-30,55.5,59.5,67.5,72.0,79.0,77.5,67.5,65.0,58.5,57.0,52.5,47.5,41.5,38.5,41.5,40.0,45.0,46.5,41.5,36.0,31.5,42.0,48.0,49.0
2023-12-31,53.0,56.0,64.0,62.5,68.0,64.0,60.0,57.0,63.0,58.0,65.0,75.5,77.5,80.0,89.0,93.0,99.0,100.0,88.0,77.0,62.5,62.0,64.0,62.5
